,product name,price in rupees,rating,availability,link
0,"Zelt Sl 2.0 M Running Shoes For Men  (Blue, Black)",2064,4.3,available,https://www.flipkart.com/adidas-zelt-sl-2-0-m-running-shoes-men/p/itmfd3hu4rvsbsze?pid=SHOFD3HUGQ53874G&lid=LSTSHOFD3HUGQ53874GEMZX4J&marketplace=FLIPKART&sattr[]=color&sattr[]=size&st=size&otracker=nmenu_sub_Men_0_Footwear
1,Nerf Rival Blaster Jupiter XIX-1000 Edge Series with Target and 10 Rounds Guns & Darts  (Multicolor),6391,4.4,available,https://www.flipkart.com/nerf-rival-blaster-jupiter-xix-1000-edge-series-target-10-rounds-guns-darts/p/itm11279f39b775b?pid=TWPFQUJCH3G8BKVF&lid=LSTTWPFQUJCH3G8BKVFWK8LQT&marketplace=FLIPKART&store=mgl%2Fgsh&srno=b_1_2&otracker=browse&fm=organic&iid=en_LjFwqdCVWd8fMf6QnnMuSyMCtsCirvY7W5xEyhZOqfIyJx112FPlz3pz5jJ84kWfii%2B99TXRHrZnVdYSOYKpfw%3D%3D&ppt=None&ppn=None&ssid=ovnjhphbk00000001625115640375
2,SAMSUNG 6 kg 5-star Inverter Fully Automatic Front Load with In-built Heater Silver  (WW60R20GLSS/TL),23490,4.4,available,https://www.flipkart.com/samsung-6-kg-5-star-inverter-fully-automatic-front-load-in-built-heater-silver/p/itmbe741e42ffe68?pid=WMNFU5XFAYQANNBZ&lid=LSTWMNFU5XFAYQANNBZHZTBVS&marketplace=FLIPKART&store=j9e%2Fabm%2F8qx&srno=b_1_2&otracker=nmenu_sub_TVs%20%26%20Appliances_0_Fully%20Automatic%20Front%20Load&fm=organic&iid=2b6f6ade-f1a5-4d31-8afb-e4b2640eff78.WMNFU5XFAYQANNBZ.SEARCH&ppt=browse&ppn=browse&ssid=xtdou821a80000001625066611168
3,Women Silver Flats Sandal,9700,no rating yet,available,https://www.flipkart.com/kenkoh-women-silver-flats/p/itm98379f0706d6f?pid=SNDGFYUJYFHZKUFH&lid=LSTSNDGFYUJYFHZKUFHMWRGBL&marketplace=FLIPKART&store=osp%2Fiko%2F9d5&srno=b_1_1&otracker=nmenu_sub_Women_0_Flats&fm=organic&iid=8bee693e-6ebc-4dac-ab31-27a3835e6910.SNDGFYUJYFHZKUFH.SEARCH&ppt=browse&ppn=browse&ssid=g2tfg3z8dc0000001625216255866
4,"REDMI Note 9 Pro Max (Champagne Gold, 64 GB)  (6 GB RAM)",17399,4.4,available,https://www.flipkart.com/redmi-note-9-pro-max-champagne-gold-64-gb/p/itm437741df5f74c?pid=MOBFV99GD4BZRXFD&lid=LSTMOBFV99GD4BZRXFDPW15QC&marketplace=FLIPKART&q=redmi+note+9+pro+max&store=tyy%2F4io&srno=s_1_4&otracker=AS_QueryStore_OrganicAutoSuggest_1_16_na_na_ps&otracker1=AS_QueryStore_OrganicAutoSuggest_1_16_na_na_ps&fm=organic&iid=e4b438b5-c7eb-4d5b-8b39-7005d99771bb.MOBFV99GD4BZRXFD.SEARCH&ppt=None&ppn=None&ssid=5ry2a1xwnk0000001625382274707&qH=a0508e13f08961a6
5,Pristyn care | Adbdomen excerciser | Fat buster |Gym ab excerciser | Core workout Ab Exerciser  (Red),190,4,available,https://www.flipkart.com/pristyn-care-adbdomen-excerciser-fat-buster-gym-ab-core-workout-exerciser/p/itm9007c7e21e9e3?pid=ABEFY9ZXHSHDJC7Z&lid=LSTABEFY9ZXHSHDJC7ZREHYZK&marketplace=FLIPKART&store=qoc%2Famf%2Fsma&srno=b_1_24&otracker=browse&fm=organic&iid=en_X9SIAwZIVc%2FtsoKfUT14bxrAME2j9KAAt1MwDeyT0r4GHFByVx1ReinyVxy13hKZcmJjJocpq540bzIYSu70jg%3D%3D&ppt=None&ppn=None&ssid=7mh1agwjv40000001625419850939
6,"Flipkart SmartBuy 20 Clips Hanging Organizer for Socks, Scarves, Hats, Handkerchiefs, Underwear, Ties, Baby Clothes (PACK OF 1) (Both Wet & Dry Use) Regular Organizer",299,4.5,available,https://flipkart.com/flipkart-smartbuy-20-clips-hanging-organizer-socks-scarves-hats-handkerchiefs-underwear-ties-baby-clothes-pack-1-both-wet-dry-use-regular/p/itm8862c5a858874?pid=HNGG4CYX5ZZB35YJ&lid=LSTHNGG4CYX5ZZB35YJT5KVHM&marketplace=FLIPKART&q=cool20%25hats20%25&store=search.flipkart.com&srno=s_1_1&otracker=search&fm=organic&iid=6aae8a1c-83ca-444f-94b6-479b2284b27e.HNGG4CYX5ZZB35YJ.SEARCH&ppt=None&ppn=None&ssid=s33ukpiai80000001625422422341&qH=d14475f174d5f616
7,"Flipkart SmartBuy 20 Clips Hanging Organizer for Socks, Scarves, Hats, Handkerchiefs, Underwear, Ties, Baby Clothes (PACK OF 1) (Both Wet & Dry Use) Regular Organizer",299,4.5,available,https://flipkart.com/flipkart-smartbuy-20-clips-hanging-organizer-socks-scarves-hats-handkerchiefs-underwear-ties-baby-clothes-pack-1-both-wet-dry-use-regular/p/itmd0d8603dc4630?pid=HNGG4CFYTFGHAJHC&lid=LSTHNGG4CFYTFGHAJHCAGQFVY&marketplace=FLIPKART&q=cool20%25hats20%25&store=search.flipkart.com&srno=s_1_2&otracker=search&fm=organic&iid=6aae8a1c-83ca-444f-94b6-479b2284b27e.HNGG4CFYTFGHAJHC.SEARCH&ppt=None&ppn=None&ssid=s33ukpiai80000001625422422341&qH=d14475f174d5f616
8,Tuelip Set of 20 Wall Hooks Heavy Duty for Hanging 10KG (Max) Magic Stickers Hooks Seamless Transparent Adhesive Hooks for Hanging Keys Coats Hats Bags Ceiling Hook  (Pack of 20),299,3.8,available,https://flipkart.com/tuelip-set-20-wall-hooks-heavy-duty-hanging-10kg-max-magic-stickers-seamless-transparent-adhesive-keys-coats-hats-bags-ceiling-hook/p/itm063b6b7cd583a?pid=HOKG37JZCWGTXUMF&lid=LSTHOKG37JZCWGTXUMF2OE5FG&marketplace=FLIPKART&q=cool20%25hats20%25&store=search.flipkart.com&srno=s_1_3&otracker=search&fm=organic&iid=6aae8a1c-83ca-444f-94b6-479b2284b27e.HOKG37JZCWGTXUMF.SEARCH&ppt=None&ppn=None&ssid=s33ukpiai80000001625422422341&qH=d14475f174d5f616
9,Vinod HATS20 Tasla 2.1 L capacity 18 cm diameter  (Hard Anodised),649,3.1,available,https://flipkart.com/vinod-hats20-tasla-2-1-l-capacity-18-cm-diameter/p/itm2b172d6249e2d?pid=PTPFQMHGAQSC8CTG&lid=LSTPTPFQMHGAQSC8CTGXHIHNS&marketplace=FLIPKART&q=cool20%25hats20%25&store=search.flipkart.com&srno=s_1_4&otracker=search&fm=organic&iid=6aae8a1c-83ca-444f-94b6-479b2284b27e.PTPFQMHGAQSC8CTG.SEARCH&ppt=None&ppn=None&ssid=s33ukpiai80000001625422422341&qH=d14475f174d5f616
10,MYYNTI Wall Hooks Heavy Duty Wall Sticker Hooks for Hanging 10KG (Max) Magic Stickers Hooks Transparent Self-Adhesive Hooks for Hanging Keys Coats Hats Bags Ceiling Hook Hook  (Pack of 20),299,3.7,available,https://flipkart.com/myynti-wall-hooks-heavy-duty-sticker-hanging-10kg-max-magic-stickers-transparent-self-adhesive-keys-coats-hats-bags-ceiling-hook/p/itm7f2f03d738bf7?pid=HOKG3MURZYPDDZ7J&lid=LSTHOKG3MURZYPDDZ7JWINEMJ&marketplace=FLIPKART&q=cool20%25hats20%25&store=search.flipkart.com&srno=s_1_5&otracker=search&fm=organic&iid=6aae8a1c-83ca-444f-94b6-479b2284b27e.HOKG3MURZYPDDZ7J.SEARCH&ppt=None&ppn=None&ssid=s33ukpiai80000001625422422341&qH=d14475f174d5f616
11,"Zildjian ILHSTD Standard Gig Pack (14"" HiHats, 16"" Crash and 20"" Ride) Clash Cymbal",28500,2.7,available,https://flipkart.com/zildjian-ilhstd-standard-gig-pack-14-hihats-16-crash-20-ride-clash-cymbal/p/itmfca917e031734?pid=HNCFWWSWB9VQFMUZ&lid=LSTHNCFWWSWB9VQFMUZDKHIOH&marketplace=FLIPKART&q=cool20%25hats20%25&store=search.flipkart.com&srno=s_1_6&otracker=search&fm=organic&iid=6aae8a1c-83ca-444f-94b6-479b2284b27e.HNCFWWSWB9VQFMUZ.SEARCH&ppt=None&ppn=None&ssid=s33ukpiai80000001625422422341&qH=d14475f174d5f616
12,"All Those Hats Worn by One 20th Century American Woman  (English, Paperback, Weber Grace Shaw)",1430,2.2,available,https://flipkart.com/all-those-hats-worn-one-20th-century-american-woman/p/itmd3mh2sgzze9h2?pid=9781466231818&lid=LSTBOK9781466231818Y35N49&marketplace=FLIPKART&q=cool20%25hats20%25&store=search.flipkart.com&srno=s_1_7&otracker=search&fm=organic&iid=6aae8a1c-83ca-444f-94b6-479b2284b27e.9781466231818.SEARCH&ppt=None&ppn=None&ssid=s33ukpiai80000001625422422341&qH=d14475f174d5f616
13,"Animal Hats to Knit: 20 Wild Projects for you to Create  (English, Paperback, Roberts Luise)",1421,2.2,available,https://flipkart.com/animal-hats-knit-20-wild-projects-you-create/p/itm3d53ea1016d32?pid=9781861089892&lid=LSTBOK9781861089892NC7GTJ&marketplace=FLIPKART&q=cool20%25hats20%25&store=search.flipkart.com&srno=s_1_8&otracker=search&fm=organic&iid=6aae8a1c-83ca-444f-94b6-479b2284b27e.9781861089892.SEARCH&ppt=None&ppn=None&ssid=s33ukpiai80000001625422422341&qH=d14475f174d5f616
14,"20 to Knit: Knitted Hats  (English, Paperback, Russel Monica)",693,2,available,https://flipkart.com/20-knit-knitted-hats/p/itmff94uharphtjg?pid=9781782214533&lid=LSTBOK978178221453334VXGN&marketplace=FLIPKART&q=cool20%25hats20%25&store=search.flipkart.com&srno=s_1_9&otracker=search&fm=organic&iid=6aae8a1c-83ca-444f-94b6-479b2284b27e.9781782214533.SEARCH&ppt=None&ppn=None&ssid=s33ukpiai80000001625422422341&qH=d14475f174d5f616
15,"Workout,, Cycling Bike,, Fashion,, Athletic,, hiphop caps,, Running,, Unisex Caps, classic,, hats, hat,, Hip Hop,, Sports,, Free Size,, Baseball cap,, ,Skull,, Walking,, Flex Fit,, trucker caps, dad caps,, army green cap, snapback Cap,, ,black cap,, girls, boys,, Caps for men and womens,, Military Army, Basketball,, Stylish,, Cricket,, evergreen, Cap",289,3.9,available,https://flipkart.com/ilu-workout-cycling-bike-fashion-athletic-hiphop-caps-running-unisex-caps-classic-hats-hat-hip-hop-sports-free-size-baseball-cap-skull-walking-flex-fit-trucker-dad-army-green-cap-snapback-black-girls-boys-caps-men-womens-military-army-basketball-stylish-cricket-evergreen-cap/p/itm7b6cc3ab59aae?pid=CAPEPRJEBDNJCYH9&lid=LSTCAPEPRJEBDNJCYH9150F3E&marketplace=FLIPKART&q=cool20%25hats20%25&store=search.flipkart.com&srno=s_1_10&otracker=search&fm=organic&iid=6aae8a1c-83ca-444f-94b6-479b2284b27e.CAPEPRJEBDNJCYH9.SEARCH&ppt=None&ppn=None&ssid=s33ukpiai80000001625422422341&qH=d14475f174d5f616
16,"Futurekart Straw Large Brim Beach Floppy Oversize Fold Hat  (White, Pack of 1)",499,4.4,available,https://flipkart.com/futurekart-straw-large-brim-beach-floppy-oversize-fold-hat/p/itmfejyb4gsuxmaz?pid=HATFEJGREAHRZRP3&lid=LSTHATFEJGREAHRZRP3TSHVBX&marketplace=FLIPKART&q=cool20%25hats20%25&store=search.flipkart.com&srno=s_1_11&otracker=search&fm=organic&iid=6aae8a1c-83ca-444f-94b6-479b2284b27e.HATFEJGREAHRZRP3.SEARCH&ppt=None&ppn=None&ssid=s33ukpiai80000001625422422341&qH=d14475f174d5f616
17,"ZACHARIAS Fishermen Cotton Bucket Hat Cap  (Blue, Pack of 1)",299,3.8,available,https://flipkart.com/zacharias-fishermen-cotton-bucket-hat-cap/p/itmffhjpcrhuvfve?pid=HATFFJ53TACBRVTY&lid=LSTHATFFJ53TACBRVTYYHISNT&marketplace=FLIPKART&q=cool20%25hats20%25&store=search.flipkart.com&srno=s_1_12&otracker=search&fm=organic&iid=6aae8a1c-83ca-444f-94b6-479b2284b27e.HATFFJ53TACBRVTY.SEARCH&ppt=None&ppn=None&ssid=s33ukpiai80000001625422422341&qH=d14475f174d5f616
18,PLAY-DOH Treatsies Single Servings Cupcake Character Tiny Food Toy Craft Kit with 3 Non-Toxic Cans,379,4.6,available,https://flipkart.com/play-doh-treatsies-single-servings-cupcake-character-tiny-food-toy-craft-kit-3-non-toxic-cans/p/itm2bfd976d7f704?pid=ACKFVG4WE8MZSFTF&lid=LSTACKFVG4WE8MZSFTFEINZ62&marketplace=FLIPKART&q=cool20%25hats20%25&store=search.flipkart.com&srno=s_1_13&otracker=search&fm=organic&iid=6aae8a1c-83ca-444f-94b6-479b2284b27e.ACKFVG4WE8MZSFTF.SEARCH&ppt=None&ppn=None&ssid=s33ukpiai80000001625422422341&qH=d14475f174d5f616
19,PLAY-DOH Treatsies Single Servings Hot Dog Character Tiny Food Toy Craft Kit with 3 Non-Toxic Cans,379,4.6,available,https://flipkart.com/play-doh-treatsies-single-servings-hot-dog-character-tiny-food-toy-craft-kit-3-non-toxic-cans/p/itmd30ca13ca2fa8?pid=ACKFVG4WND97AJWZ&lid=LSTACKFVG4WND97AJWZP942TB&marketplace=FLIPKART&q=cool20%25hats20%25&store=search.flipkart.com&srno=s_1_14&otracker=search&fm=organic&iid=6aae8a1c-83ca-444f-94b6-479b2284b27e.ACKFVG4WND97AJWZ.SEARCH&ppt=None&ppn=None&ssid=s33ukpiai80000001625422422341&qH=d14475f174d5f616
20,PLAY-DOH Treatsies Single Servings Bacon Character Tiny Food Toy Craft Kit with 3 Non-Toxic Cans,379,4.6,available,https://flipkart.com/play-doh-treatsies-single-servings-bacon-character-tiny-food-toy-craft-kit-3-non-toxic-cans/p/itm734ce81c5b4c2?pid=ACKFVG5BC4ZZYZBY&lid=LSTACKFVG5BC4ZZYZBYQLPQKZ&marketplace=FLIPKART&q=cool20%25hats20%25&store=search.flipkart.com&srno=s_1_15&otracker=search&fm=organic&iid=6aae8a1c-83ca-444f-94b6-479b2284b27e.ACKFVG5BC4ZZYZBY.SEARCH&ppt=None&ppn=None&ssid=s33ukpiai80000001625422422341&qH=d14475f174d5f616
21,Graphic Print Sports 20-20 Cricket Teams Cotton Baseball ( Pack of 2) Cap  (Pack of 2),348,3.7,available,https://flipkart.com/epraiser-graphic-print-sports-20-20-cricket-teams-cotton-baseball-pack-2-cap/p/itmff2652jnmreau?pid=CAPFFFPNZZPTHFZG&lid=LSTCAPFFFPNZZPTHFZGOMNNEU&marketplace=FLIPKART&q=cool20%25hats20%25&store=search.flipkart.com&srno=s_1_16&otracker=search&fm=organic&iid=6aae8a1c-83ca-444f-94b6-479b2284b27e.CAPFFFPNZZPTHFZG.SEARCH&ppt=None&ppn=None&ssid=s33ukpiai80000001625422422341&qH=d14475f174d5f616
22,Graphic Print Sports 20-20 Cricket Teams Cotton Baseball ( Pack of 2) Cap  (Pack of 2),348,3.7,available,https://flipkart.com/epraiser-graphic-print-sports-20-20-cricket-teams-cotton-baseball-pack-2-cap/p/itmf2d807c0680b5?pid=CAPFFFPNGSCWUMRG&lid=LSTCAPFFFPNGSCWUMRGIFYKNJ&marketplace=FLIPKART&q=cool20%25hats20%25&store=search.flipkart.com&srno=s_1_17&otracker=search&fm=organic&iid=6aae8a1c-83ca-444f-94b6-479b2284b27e.CAPFFFPNGSCWUMRG.SEARCH&ppt=None&ppn=None&ssid=s33ukpiai80000001625422422341&qH=d14475f174d5f616
23,Graphic Print Sports 20-20 Cricket Teams Cotton Baseball ( Pack of 2) Cap  (Pack of 2),348,3.7,available,https://flipkart.com/epraiser-graphic-print-sports-20-20-cricket-teams-cotton-baseball-pack-2-cap/p/itmff265j2g4wzc2?pid=CAPFFFPNXYVVHHFQ&lid=LSTCAPFFFPNXYVVHHFQJGZPAM&marketplace=FLIPKART&q=cool20%25hats20%25&store=search.flipkart.com&srno=s_1_18&otracker=search&fm=organic&iid=6aae8a1c-83ca-444f-94b6-479b2284b27e.CAPFFFPNXYVVHHFQ.SEARCH&ppt=None&ppn=None&ssid=s33ukpiai80000001625422422341&qH=d14475f174d5f616
24,Graphic Print Sports 20-20 Cricket Teams Cotton Baseball ( Pack of 2) Cap  (Pack of 2),348,3.7,available,https://flipkart.com/epraiser-graphic-print-sports-20-20-cricket-teams-cotton-baseball-pack-2-cap/p/itmff265tztqgxeu?pid=CAPFFFPNJQBN7CU5&lid=LSTCAPFFFPNJQBN7CU5C9RIHB&marketplace=FLIPKART&q=cool20%25hats20%25&store=search.flipkart.com&srno=s_1_19&otracker=search&fm=organic&iid=6aae8a1c-83ca-444f-94b6-479b2284b27e.CAPFFFPNJQBN7CU5.SEARCH&ppt=None&ppn=None&ssid=s33ukpiai80000001625422422341&qH=d14475f174d5f616
25,Graphic Print Sports 20-20 Cricket Teams Cotton Baseball ( Pack of 2) Cap  (Pack of 2),348,3.7,available,https://flipkart.com/epraiser-graphic-print-sports-20-20-cricket-teams-cotton-baseball-pack-2-cap/p/itmff265vfhg4pyq?pid=CAPFFFPNYGQEUQCY&lid=LSTCAPFFFPNYGQEUQCY4AFENF&marketplace=FLIPKART&q=cool20%25hats20%25&store=search.flipkart.com&srno=s_1_20&otracker=search&fm=organic&iid=6aae8a1c-83ca-444f-94b6-479b2284b27e.CAPFFFPNYGQEUQCY.SEARCH&ppt=None&ppn=None&ssid=s33ukpiai80000001625422422341&qH=d14475f174d5f616
26,"PRANSUNITA 16 ply Super Soft Acrylic Knitting Wool Yarn, 200 gm Ball, Used in Hand Knitting, Art Craft, and Crochet",490,2.7,available,https://flipkart.com/pransunita-16-ply-super-soft-acrylic-knitting-wool-yarn-200-gm-ball-used-hand-knitting-art-craft-crochet/p/itm435f596b3a59f?pid=ACKFZUACJNVGE7YU&lid=LSTACKFZUACJNVGE7YU4C5D77&marketplace=FLIPKART&q=cool20%25hats20%25&store=search.flipkart.com&srno=s_1_21&otracker=search&fm=organic&iid=6aae8a1c-83ca-444f-94b6-479b2284b27e.ACKFZUACJNVGE7YU.SEARCH&ppt=None&ppn=None&ssid=s33ukpiai80000001625422422341&qH=d14475f174d5f616
27,"PRANSUNITA 16 ply Super Soft Acrylic Knitting Wool Yarn, 200 gm Ball, Used in Hand Knitting, Art Craft, and Crochet",490,2.7,available,https://flipkart.com/pransunita-16-ply-super-soft-acrylic-knitting-wool-yarn-200-gm-ball-used-hand-knitting-art-craft-crochet/p/itm29cbacff0d4f2?pid=ACKFZUABT3UT9KSP&lid=LSTACKFZUABT3UT9KSPRIAW4H&marketplace=FLIPKART&q=cool20%25hats20%25&store=search.flipkart.com&srno=s_1_22&otracker=search&fm=organic&iid=6aae8a1c-83ca-444f-94b6-479b2284b27e.ACKFZUABT3UT9KSP.SEARCH&ppt=None&ppn=None&ssid=s33ukpiai80000001625422422341&qH=d14475f174d5f616
28,"PRANSUNITA 16 ply Super Soft Acrylic Knitting Wool Yarn, 100 gm Ball, Used in Hand Knitting, Art Craft, and Crochet",349,2.7,available,https://flipkart.com/pransunita-16-ply-super-soft-acrylic-knitting-wool-yarn-100-gm-ball-used-hand-knitting-art-craft-crochet/p/itm089b3a90f752b?pid=ACKFZ5WG96PWRASN&lid=LSTACKFZ5WG96PWRASNCXHJFB&marketplace=FLIPKART&q=cool20%25hats20%25&store=search.flipkart.com&srno=s_1_23&otracker=search&fm=organic&iid=6aae8a1c-83ca-444f-94b6-479b2284b27e.ACKFZ5WG96PWRASN.SEARCH&ppt=None&ppn=None&ssid=s33ukpiai80000001625422422341&qH=d14475f174d5f616
29,"PRANSUNITA 16 ply Super Soft Acrylic Knitting Wool Yarn, 100 gm Ball, Used in Hand Knitting, Art Craft, and Crochet",299,2.7,available,https://flipkart.com/pransunita-16-ply-super-soft-acrylic-knitting-wool-yarn-100-gm-ball-used-hand-knitting-art-craft-crochet/p/itm705e5444c1359?pid=ACKFZ5X5CZ72QBZC&lid=LSTACKFZ5X5CZ72QBZC56X5YZ&marketplace=FLIPKART&q=cool20%25hats20%25&store=search.flipkart.com&srno=s_1_24&otracker=search&fm=organic&iid=6aae8a1c-83ca-444f-94b6-479b2284b27e.ACKFZ5X5CZ72QBZC.SEARCH&ppt=None&ppn=None&ssid=s33ukpiai80000001625422422341&qH=d14475f174d5f616
30,"PRANSUNITA 16 ply Super Soft Acrylic Knitting Wool Yarn, 200 gm Ball, Used in Hand Knitting, Art Craft, and Crochet",490,2.7,available,https://flipkart.com/pransunita-16-ply-super-soft-acrylic-knitting-wool-yarn-200-gm-ball-used-hand-knitting-art-craft-crochet/p/itm7f3018bd163a6?pid=ACKFZUAGFJ23HUXH&lid=LSTACKFZUAGFJ23HUXHGVCI1E&marketplace=FLIPKART&q=cool20%25hats20%25&store=search.flipkart.com&srno=s_1_25&otracker=search&fm=organic&iid=6aae8a1c-83ca-444f-94b6-479b2284b27e.ACKFZUAGFJ23HUXH.SEARCH&ppt=None&ppn=None&ssid=s33ukpiai80000001625422422341&qH=d14475f174d5f616
31,Casual Sports Team India ODI T-20 Cricket Supporter Cap  (Pack of 2),449,4.3,available,https://flipkart.com/nkz-casual-sports-team-india-odi-t-20-cricket-supporter-cap/p/itmffbjeugwpsnzb?pid=CAPFFBFSHTHHSQEG&lid=LSTCAPFFBFSHTHHSQEGCR2ODV&marketplace=FLIPKART&q=cool20%25hats20%25&store=search.flipkart.com&srno=s_1_26&otracker=search&fm=organic&iid=6aae8a1c-83ca-444f-94b6-479b2284b27e.CAPFFBFSHTHHSQEG.SEARCH&ppt=None&ppn=None&ssid=s33ukpiai80000001625422422341&qH=d14475f174d5f616
32,"india cricket team cap ODI CAP T 20 CAPS caps for boys ,caps in men style Cap",265,4.4,available,https://flipkart.com/x-lent-india-cricket-team-cap-odi-t-20-caps-boys-caps-men-style/p/itmfenavcybtc5bf?pid=CAPFEM6NQEFTFNVV&lid=LSTCAPFEM6NQEFTFNVVK3KHWM&marketplace=FLIPKART&q=cool20%25hats20%25&store=search.flipkart.com&srno=s_1_28&otracker=search&fm=organic&iid=6aae8a1c-83ca-444f-94b6-479b2284b27e.CAPFEM6NQEFTFNVV.SEARCH&ppt=None&ppn=None&ssid=s33ukpiai80000001625422422341&qH=d14475f174d5f616
33,"PRANSUNITA 16 ply Super Soft Acrylic Knitting Wool Yarn, 100 gm Ball, Used in Hand Knitting, Art Craft, and Crochet",349,2.7,available,https://flipkart.com/pransunita-16-ply-super-soft-acrylic-knitting-wool-yarn-100-gm-ball-used-hand-knitting-art-craft-crochet/p/itmb7241f88b6b87?pid=ACKFZ5WFMKFDTZ39&lid=LSTACKFZ5WFMKFDTZ398LGHFT&marketplace=FLIPKART&q=cool20%25hats20%25&store=search.flipkart.com&srno=s_1_29&otracker=search&fm=organic&iid=6aae8a1c-83ca-444f-94b6-479b2284b27e.ACKFZ5WFMKFDTZ39.SEARCH&ppt=None&ppn=None&ssid=s33ukpiai80000001625422422341&qH=d14475f174d5f616
34,"Digital Emberoded Sports Caps,Cricket Caps ,t20/test Match Caps Cap Cap",285,4.8,available,https://flipkart.com/dedicated-digital-emberoded-sports-caps-cricket-caps-t20-test-match-cap/p/itm58d2e7c633729?pid=CAPG2YZXGQGZDVWM&lid=LSTCAPG2YZXGQGZDVWME4XKRF&marketplace=FLIPKART&q=cool20%25hats20%25&store=search.flipkart.com&srno=s_1_30&otracker=search&fm=organic&iid=6aae8a1c-83ca-444f-94b6-479b2284b27e.CAPG2YZXGQGZDVWM.SEARCH&ppt=None&ppn=None&ssid=s33ukpiai80000001625422422341&qH=d14475f174d5f616
35,"PRANSUNITA 16 ply Super Soft Acrylic Knitting Wool Yarn, 100 gm Ball, Used in Hand Knitting, Art Craft, and Crochet",349,2.7,available,https://flipkart.com/pransunita-16-ply-super-soft-acrylic-knitting-wool-yarn-100-gm-ball-used-hand-knitting-art-craft-crochet/p/itmfa5730f7384d1?pid=ACKFZ5WCSTFM3XZB&lid=LSTACKFZ5WCSTFM3XZBJRZ3HS&marketplace=FLIPKART&q=cool20%25hats20%25&store=search.flipkart.com&srno=s_1_31&otracker=search&fm=organic&iid=6aae8a1c-83ca-444f-94b6-479b2284b27e.ACKFZ5WCSTFM3XZB.SEARCH&ppt=None&ppn=None&ssid=s33ukpiai80000001625422422341&qH=d14475f174d5f616
36,"PRANSUNITA 16 ply Super Soft Acrylic Knitting Wool Yarn, 100 gm Ball, Used in Hand Knitting, Art Craft, and Crochet",349,2.7,available,https://flipkart.com/pransunita-16-ply-super-soft-acrylic-knitting-wool-yarn-100-gm-ball-used-hand-knitting-art-craft-crochet/p/itm4a3d3621f66dd?pid=ACKFZ5W4Z2RBBRM5&lid=LSTACKFZ5W4Z2RBBRM52ICVOK&marketplace=FLIPKART&q=cool20%25hats20%25&store=search.flipkart.com&srno=s_1_32&otracker=search&fm=organic&iid=6aae8a1c-83ca-444f-94b6-479b2284b27e.ACKFZ5W4Z2RBBRM5.SEARCH&ppt=None&ppn=None&ssid=s33ukpiai80000001625422422341&qH=d14475f174d5f616
37,"FUNCART Cone Cap  (Multicolor, Pack of 8)",261,3.5,available,https://flipkart.com/funcart-cone-cap/p/itmf4tfqarrgzcty?pid=HATF4SS9ZJXJCF5M&lid=LSTHATF4SS9ZJXJCF5MCHVZQN&marketplace=FLIPKART&q=cool20%25hats20%25&store=search.flipkart.com&srno=s_1_33&otracker=search&fm=organic&iid=6aae8a1c-83ca-444f-94b6-479b2284b27e.HATF4SS9ZJXJCF5M.SEARCH&ppt=None&ppn=None&ssid=s33ukpiai80000001625422422341&qH=d14475f174d5f616
38,"Forclaz by Decathlon Hat  (Grey, Pack of 1)",1299,3.4,available,https://flipkart.com/forclaz-decathlon-hat/p/itmb6b0139d83c4b?pid=HATFY8PSYG9V2ZZF&lid=LSTHATFY8PSYG9V2ZZFE9BIFB&marketplace=FLIPKART&q=cool20%25hats20%25&store=search.flipkart.com&srno=s_1_34&otracker=search&fm=organic&iid=6aae8a1c-83ca-444f-94b6-479b2284b27e.HATFY8PSYG9V2ZZF.SEARCH&ppt=None&ppn=None&ssid=s33ukpiai80000001625422422341&qH=d14475f174d5f616
39,"PRANSUNITA 16 ply Super Soft Acrylic Knitting Wool Yarn, 100 gm Ball, Used in Hand Knitting, Art Craft, and Crochet",299,2.7,available,https://flipkart.com/pransunita-16-ply-super-soft-acrylic-knitting-wool-yarn-100-gm-ball-used-hand-knitting-art-craft-crochet/p/itm7812d0ff00e5f?pid=ACKFZ5WFRF6DVAME&lid=LSTACKFZ5WFRF6DVAME30H2KE&marketplace=FLIPKART&q=cool20%25hats20%25&store=search.flipkart.com&srno=s_1_35&otracker=search&fm=organic&iid=6aae8a1c-83ca-444f-94b6-479b2284b27e.ACKFZ5WFRF6DVAME.SEARCH&ppt=None&ppn=None&ssid=s33ukpiai80000001625422422341&qH=d14475f174d5f616
40,Vinod HATS24 Tasla 3.1 L capacity 18 cm diameter  (Hard Anodised),799,3.1,available,https://flipkart.com/vinod-hats24-tasla-3-1-l-capacity-18-cm-diameter/p/itmb7e179ffb5a4e?pid=PTPFQMHPBKUXRDUE&lid=LSTPTPFQMHPBKUXRDUEYMUY1W&marketplace=FLIPKART&q=cool20%25hats20%25&store=search.flipkart.com&srno=s_1_37&otracker=search&fm=organic&iid=6aae8a1c-83ca-444f-94b6-479b2284b27e.PTPFQMHPBKUXRDUE.SEARCH&ppt=None&ppn=None&ssid=s33ukpiai80000001625422422341&qH=d14475f174d5f616
41,"SONY CyberShot DSC-W800/BC IN5  (20.1 MP, 5 Optical Zoom, 13x Digital Zoom, Black)",7499,3.9,available,https://flipkart.com/sony-cybershot-dsc-w800-bc-in5/p/itme8g8yfydrnwwv?pid=CAMDVGUGHKXNHYXB&lid=LSTCAMDVGUGHKXNHYXBG3GONO&marketplace=FLIPKART&q=Camera20%25&store=search.flipkart.com&srno=s_1_1&otracker=search&fm=organic&iid=014182a6-07a2-4b45-8ff4-407b9fa4ab06.CAMDVGUGHKXNHYXB.SEARCH&ppt=None&ppn=None&ssid=vzwht2h9ww0000001625492818604&qH=8688a27a4fd313d4
42,"Canon PowerShot SX540 HS  (20.3 MP, 50x Optical Zoom, 50x Zoom Digital Zoom, Black)",21999,4.4,available,https://flipkart.com/canon-powershot-sx540-hs/p/itmf53n3hbcgu4rm?pid=POIF53N37TU3NUFQ&lid=LSTPOIF53N37TU3NUFQIVUBUR&marketplace=FLIPKART&q=Camera20%25&store=search.flipkart.com&srno=s_1_2&otracker=search&fm=organic&iid=014182a6-07a2-4b45-8ff4-407b9fa4ab06.POIF53N37TU3NUFQ.SEARCH&ppt=None&ppn=None&ssid=vzwht2h9ww0000001625492818604&qH=8688a27a4fd313d4
43,"Canon IXUS 190  (20 MP, 10x Optical Zoom, 10x Digital Zoom, Silver)",10999,4,available,https://flipkart.com/canon-ixus-190/p/itmer7kjhqznfjeh?pid=POIER7KJUWNQZQVN&lid=LSTPOIER7KJUWNQZQVNGF2FKA&marketplace=FLIPKART&q=Camera20%25&store=search.flipkart.com&srno=s_1_3&otracker=search&fm=organic&iid=014182a6-07a2-4b45-8ff4-407b9fa4ab06.POIER7KJUWNQZQVN.SEARCH&ppt=None&ppn=None&ssid=vzwht2h9ww0000001625492818604&qH=8688a27a4fd313d4
44,"SONY CyberShot dsc-h300/BC e32  (20.1 MP, 35 Optical Zoom, 70x Digital Zoom, Black)",14490,4,available,https://flipkart.com/sony-cybershot-dsc-h300-bc-e32/p/itmd228de56eedde?pid=CAMDPNZ5GAFYWCHH&lid=LSTCAMDPNZ5GAFYWCHHNFGLSZ&marketplace=FLIPKART&q=Camera20%25&store=search.flipkart.com&srno=s_1_4&otracker=search&fm=organic&iid=014182a6-07a2-4b45-8ff4-407b9fa4ab06.CAMDPNZ5GAFYWCHH.SEARCH&ppt=None&ppn=None&ssid=vzwht2h9ww0000001625492818604&qH=8688a27a4fd313d4
45,"Canon PowerShot SX430 IS  (20 MP, 45x Optical Zoom, 4x Digital Zoom, Black)",17990,4.1,available,https://flipkart.com/canon-powershot-sx430/p/itmeqyxgbgca89nm?pid=POIEQYXGV6JQBDZQ&lid=LSTPOIEQYXGV6JQBDZQJHBOUM&marketplace=FLIPKART&q=Camera20%25&store=search.flipkart.com&srno=s_1_5&otracker=search&fm=organic&iid=014182a6-07a2-4b45-8ff4-407b9fa4ab06.POIEQYXGV6JQBDZQ.SEARCH&ppt=None&ppn=None&ssid=vzwht2h9ww0000001625492818604&qH=8688a27a4fd313d4
46,"Canon IXUS 190  (20 MP, 10x Optical Zoom, 10x Digital Zoom, Black)",11499,4,available,https://flipkart.com/canon-ixus-190/p/itmeqyxh4hhegmfh?pid=POIEQYXHMAYSXRBW&lid=LSTPOIEQYXHMAYSXRBWTS5DIZ&marketplace=FLIPKART&q=Camera20%25&store=search.flipkart.com&srno=s_1_6&otracker=search&fm=organic&iid=014182a6-07a2-4b45-8ff4-407b9fa4ab06.POIEQYXHMAYSXRBW.SEARCH&ppt=None&ppn=None&ssid=vzwht2h9ww0000001625492818604&qH=8688a27a4fd313d4
47,xech X-427 12 Digit Calculator with LCD Rough Pad DigiFold Basic  Calculator  (12 Digit),599,3.9,available,https://www.flipkart.com/xech-x-427-12-digit-calculator-lcd-rough-pad-digifold-basic/p/itm88c8c0443b34d?pid=CALGFYJ493WDAGRW&lid=LSTCALGFYJ493WDAGRW86SHQF&marketplace=FLIPKART&store=dgv%2Fqtq&srno=b_1_1&otracker=browse&fm=organic&iid=en_Uqv3JqTr0ajhjL6WkedUtGTDoD7xmKXwKYSgI%2B640EkuNIKiUGUX%2FbJ4Ybpak8YhzmMipUbyouY%2Bz4DX73n4Ew%3D%3D&ppt=browse&ppn=browse&ssid=345tsuz7ow0000001625492959144
48,xech X-427 12 Digit Calculator with LCD Rough Pad DigiFold Basic  Calculator  (12 Digit),599,3.9,available,https://flipkart.com/xech-x-427-12-digit-calculator-lcd-rough-pad-digifold-basic/p/itm88c8c0443b34d?pid=CALGFYJ493WDAGRW&lid=LSTCALGFYJ493WDAGRW86SHQF&marketplace=FLIPKART&store=dgv%2Fqtq&srno=b_1_1&otracker=browse&fm=organic&iid=en_VCpiijtF9gvjJOw0n6AUe8dgjkZ0JIYreTb1UsfECwmPF12IfT9smPaH8%2F2a7lujzmMipUbyouY%2Bz4DX73n4Ew%3D%3D&ppt=None&ppn=None&ssid=6rnk6dkylc0000001625493010387
49,ORPAT OT - 512 GT Basic  Calculator  (12 Digit),192,4.3,available,https://flipkart.com/orpat-ot-512-gt-basic-calculator/p/itmcb8110d574144?pid=CALETPT5HAH2HGFH&lid=LSTCALETPT5HAH2HGFHAZ1R3P&marketplace=FLIPKART&store=dgv%2Fqtq&spotlightTagId=BestsellerId_dgv%2Fqtq&srno=b_1_2&otracker=browse&fm=organic&iid=2a148052-3329-4637-8bfb-3a845aa73714.CALETPT5HAH2HGFH.SEARCH&ppt=None&ppn=None&ssid=6rnk6dkylc0000001625493010387
50,CASIO MJ-12D Desktop Basic  Calculator  (12 Digit),389,4.5,available,https://flipkart.com/casio-mj-12d-desktop-basic-calculator/p/itmf5nrzqgcqkqgz?pid=CALEGGVZTFHPSACB&lid=LSTCALEGGVZTFHPSACBKLQMLZ&marketplace=FLIPKART&store=dgv%2Fqtq&srno=b_1_3&otracker=browse&fm=organic&iid=2a148052-3329-4637-8bfb-3a845aa73714.CALEGGVZTFHPSACB.SEARCH&ppt=None&ppn=None&ssid=6rnk6dkylc0000001625493010387
51,CASIO FX-82MS Scientific Scientific  Calculator  (12 Digit),494,4.3,available,https://flipkart.com/casio-fx-82ms-scientific-calculator/p/itme8zgp4v2hntf8?pid=CALFHZ3B8CTGGHEW&lid=LSTCALFHZ3B8CTGGHEWFLBZSA&marketplace=FLIPKART&store=dgv%2Fqtq&srno=b_1_4&otracker=browse&fm=organic&iid=2a148052-3329-4637-8bfb-3a845aa73714.CALFHZ3B8CTGGHEW.SEARCH&ppt=None&ppn=None&ssid=6rnk6dkylc0000001625493010387
52,CASIO HL-815L-BK Portable Basic  Calculator  (8 Digit),137,4.3,available,https://flipkart.com/casio-hl-815l-bk-portable-basic-calculator/p/itmdk8ys84fhfyef?pid=CALDK8YRAWGSYJ5R&lid=LSTCALDK8YRAWGSYJ5RFZSNQQ&marketplace=FLIPKART&store=dgv%2Fqtq&srno=b_1_5&otracker=browse&fm=organic&iid=2a148052-3329-4637-8bfb-3a845aa73714.CALDK8YRAWGSYJ5R.SEARCH&ppt=None&ppn=None&ssid=6rnk6dkylc0000001625493010387
53,CASIO MJ-120D Desktop Basic  Calculator  (12 Digit),460,4.4,available,https://flipkart.com/casio-mj-120d-desktop-basic-calculator/p/itmd42zarvuqqmpe?pid=CALE39EJJUTSSMXS&lid=LSTCALE39EJJUTSSMXSLBT8S3&marketplace=FLIPKART&store=dgv%2Fqtq&srno=b_1_6&otracker=browse&fm=organic&iid=2a148052-3329-4637-8bfb-3a845aa73714.CALE39EJJUTSSMXS.SEARCH&ppt=None&ppn=None&ssid=6rnk6dkylc0000001625493010387
54,CASIO FX-82ES Plus 2nd Edition Scientific  Calculator  (12 Digit),641,4.3,available,https://flipkart.com/casio-fx-82es-plus-2nd-scientific-calculator/p/itmehqxjh85myyg9?pid=CALFRJKGAU4V5CSQ&lid=LSTCALFRJKGAU4V5CSQK6GRLA&marketplace=FLIPKART&store=dgv%2Fqtq&srno=b_1_7&otracker=browse&fm=organic&iid=2a148052-3329-4637-8bfb-3a845aa73714.CALFRJKGAU4V5CSQ.SEARCH&ppt=None&ppn=None&ssid=6rnk6dkylc0000001625493010387
55,CASIO DJ-120D Desktop Basic  Calculator  (12 Digit),665,4.4,available,https://flipkart.com/casio-dj-120d-desktop-basic-calculator/p/itmd42zcn23frtm4?pid=CALE39EJJ4FUGBY3&lid=LSTCALE39EJJ4FUGBY3ZIJXZI&marketplace=FLIPKART&store=dgv%2Fqtq&srno=b_1_8&otracker=browse&fm=organic&iid=2a148052-3329-4637-8bfb-3a845aa73714.CALE39EJJ4FUGBY3.SEARCH&ppt=None&ppn=None&ssid=6rnk6dkylc0000001625493010387
56,CASIO FX-991ES Plus-2nd Edition Scientific Scientific  Calculator  (12 Digit),1087,4.5,available,https://flipkart.com/casio-fx-991es-plus-2nd-scientific-calculator/p/itm54927ea996412?pid=CALFT9NEHY6NAZWZ&lid=LSTCALFT9NEHY6NAZWZXQDGRW&marketplace=FLIPKART&store=dgv%2Fqtq&srno=b_1_9&otracker=browse&fm=organic&iid=2a148052-3329-4637-8bfb-3a845aa73714.CALFT9NEHY6NAZWZ.SEARCH&ppt=None&ppn=None&ssid=6rnk6dkylc0000001625493010387
57,jito 12 Digits JT-512 Blue Check & Correct Big Display 1 Year Warranty Basic  Calculator  (12 Digit),269,4.5,available,https://flipkart.com/jito-12-digits-jt-512-blue-check-correct-big-display-1-year-warranty-basic-calculator/p/itmc770ec6394dc8?pid=CALFVGPFSZVGHBHU&lid=LSTCALFVGPFSZVGHBHUF66SZO&marketplace=FLIPKART&store=dgv%2Fqtq&srno=b_1_10&otracker=browse&fm=organic&iid=2a148052-3329-4637-8bfb-3a845aa73714.CALFVGPFSZVGHBHU.SEARCH&ppt=None&ppn=None&ssid=6rnk6dkylc0000001625493010387
58,CASIO MZ-12SA Desktop Basic  Calculator  (12 Digit),294,4.2,available,https://flipkart.com/casio-mz-12sa-desktop-basic-calculator/p/itmekebwt7yxyyjp?pid=CALEKEBW6EPJCHAF&lid=LSTCALEKEBW6EPJCHAFDGLGXD&marketplace=FLIPKART&store=dgv%2Fqtq&srno=b_1_11&otracker=browse&fm=organic&iid=2a148052-3329-4637-8bfb-3a845aa73714.CALEKEBW6EPJCHAF.SEARCH&ppt=None&ppn=None&ssid=6rnk6dkylc0000001625493010387
59,CASIO HL-4A Portable Basic  Calculator  (8 Digit),95,4,available,https://flipkart.com/casio-hl-4a-portable-basic-calculator/p/itmegjzzg9rqxgja?pid=CALESRG4CASWETUV&lid=LSTCALESRG4CASWETUVCY06QY&marketplace=FLIPKART&store=dgv%2Fqtq&srno=b_1_12&otracker=browse&fm=organic&iid=2a148052-3329-4637-8bfb-3a845aa73714.CALESRG4CASWETUV.SEARCH&ppt=None&ppn=None&ssid=6rnk6dkylc0000001625493010387
60,jito 12 Digits JT-512 White - Pink 1 Year Warranty Basic  Calculator  (12 Digit),286,4.3,available,https://flipkart.com/jito-12-digits-jt-512-white-pink-1-year-warranty-basic-calculator/p/itm40b746f3c0bf3?pid=CALFXYAZQGXY8UHN&lid=LSTCALFXYAZQGXY8UHNLZGR1M&marketplace=FLIPKART&store=dgv%2Fqtq&srno=b_1_13&otracker=browse&fm=organic&iid=2a148052-3329-4637-8bfb-3a845aa73714.CALFXYAZQGXY8UHN.SEARCH&ppt=None&ppn=None&ssid=6rnk6dkylc0000001625493010387
61,BAMBALIO 8 Digits BL-100 Blue Portable pocket calculator 3 years warranty Basic  Calculator  (8 Digit),169,4.4,available,https://flipkart.com/bambalio-8-digits-bl-100-blue-portable-pocket-calculator-3-years-warranty-basic/p/itm652f204213032?pid=CALFVEFGRZHDGXAB&lid=LSTCALFVEFGRZHDGXABXJPRDE&marketplace=FLIPKART&store=dgv%2Fqtq&srno=b_1_14&otracker=browse&fm=organic&iid=2a148052-3329-4637-8bfb-3a845aa73714.CALFVEFGRZHDGXAB.SEARCH&ppt=None&ppn=None&ssid=6rnk6dkylc0000001625493010387
62,CASIO DJ-220DPLUS Desktop Basic  Calculator  (12 Digit),916,4.4,available,https://flipkart.com/casio-dj-220dplus-desktop-basic-calculator/p/itmesrg4hv3z4wph?pid=CALESRG4HFEMZ5HJ&lid=LSTCALESRG4HFEMZ5HJSQCO4J&marketplace=FLIPKART&store=dgv%2Fqtq&srno=b_1_15&otracker=browse&fm=organic&iid=2a148052-3329-4637-8bfb-3a845aa73714.CALESRG4HFEMZ5HJ.SEARCH&ppt=None&ppn=None&ssid=6rnk6dkylc0000001625493010387
63,CASIO Classwiz FX-991EX Scientific  Calculator  (12 Digit),1230,4.6,available,https://flipkart.com/casio-classwiz-fx-991ex-scientific-calculator/p/itmeeyyxyeuzfgyk?pid=CALEEYYXTFDMHX2J&lid=LSTCALEEYYXTFDMHX2JYLBCM4&marketplace=FLIPKART&store=dgv%2Fqtq&srno=b_1_16&otracker=browse&fm=organic&iid=2a148052-3329-4637-8bfb-3a845aa73714.CALEEYYXTFDMHX2J.SEARCH&ppt=None&ppn=None&ssid=6rnk6dkylc0000001625493010387
64,BAMBALIO 8 Digits BL-300 Black 3 Years Warranty Portable Pocket Basic  Calculator  (8 Digit),128,3.9,available,https://flipkart.com/bambalio-8-digits-bl-300-black-3-years-warranty-portable-pocket-basic-calculator/p/itmd41bd5d83f4c7?pid=CALFWMPKVWF7GW8Y&lid=LSTCALFWMPKVWF7GW8YULQGPP&marketplace=FLIPKART&store=dgv%2Fqtq&srno=b_1_17&otracker=browse&fm=organic&iid=2a148052-3329-4637-8bfb-3a845aa73714.CALFWMPKVWF7GW8Y.SEARCH&ppt=None&ppn=None&ssid=6rnk6dkylc0000001625493010387
65,CASIO MJ-12SB Desktop - C & C Basic  Calculator  (12 Digit),332,4.2,available,https://flipkart.com/casio-mj-12sb-desktop-c-basic-calculator/p/itmffaddpfhbbbuh?pid=CALFFADBKDZTZUZW&lid=LSTCALFFADBKDZTZUZWUR2Y6W&marketplace=FLIPKART&store=dgv%2Fqtq&srno=b_1_18&otracker=browse&fm=organic&iid=2a148052-3329-4637-8bfb-3a845aa73714.CALFFADBKDZTZUZW.SEARCH&ppt=None&ppn=None&ssid=6rnk6dkylc0000001625493010387
66,CASIO MJ-120GST Desktop Basic  Calculator  (12 Digit),494,4.5,available,https://flipkart.com/casio-mj-120gst-desktop-basic-calculator/p/itmfbb3pvrb3jnda?pid=CALFBB3PKPGAWGVG&lid=LSTCALFBB3PKPGAWGVGGAFC25&marketplace=FLIPKART&store=dgv%2Fqtq&srno=b_1_19&otracker=browse&fm=organic&iid=2a148052-3329-4637-8bfb-3a845aa73714.CALFBB3PKPGAWGVG.SEARCH&ppt=None&ppn=None&ssid=6rnk6dkylc0000001625493010387
67,CASIO DJ-240DPLUS Desktop Basic  Calculator  (14 Digit),931,4.4,available,https://flipkart.com/casio-dj-240dplus-desktop-basic-calculator/p/itmesrg4hhs4wbp8?pid=CALESRG4TKZEWHW5&lid=LSTCALESRG4TKZEWHW5GI10XY&marketplace=FLIPKART&store=dgv%2Fqtq&srno=b_1_20&otracker=browse&fm=organic&iid=2a148052-3329-4637-8bfb-3a845aa73714.CALESRG4TKZEWHW5.SEARCH&ppt=None&ppn=None&ssid=6rnk6dkylc0000001625493010387
68,CASIO FX-991MS Scientific Scientific  Calculator  (12 Digit),945,4.4,available,https://flipkart.com/casio-fx-991ms-scientific-calculator/p/itme22drknqf3yam?pid=CALFHZ3BMGQKCMMY&lid=LSTCALFHZ3BMGQKCMMY1DWJ7H&marketplace=FLIPKART&store=dgv%2Fqtq&spotlightTagId=BestvalueId_dgv%2Fqtq&srno=b_1_21&otracker=browse&fm=organic&iid=2a148052-3329-4637-8bfb-3a845aa73714.CALFHZ3BMGQKCMMY.SEARCH&ppt=None&ppn=None&ssid=6rnk6dkylc0000001625493010387
69,CASIO FX-350MS 2nd Edition Scientific  Calculator  (12 Digit),522,4.3,available,https://flipkart.com/casio-fx-350ms-2nd-scientific-calculator/p/itmec9pmvhzpq4gm?pid=CALFGZ8DZZBQGVZP&lid=LSTCALFGZ8DZZBQGVZPU4J6DD&marketplace=FLIPKART&store=dgv%2Fqtq&srno=b_1_22&otracker=browse&fm=organic&iid=2a148052-3329-4637-8bfb-3a845aa73714.CALFGZ8DZZBQGVZP.SEARCH&ppt=None&ppn=None&ssid=6rnk6dkylc0000001625493010387
70,CASIO HR-8RC-BK Printing  Calculator  (12 Digit),1515,3.9,available,https://flipkart.com/casio-hr-8rc-bk-printing-calculator/p/itmf35utxcgutgzb?pid=CALF35USZJGRHNCH&lid=LSTCALF35USZJGRHNCHHN4GQV&marketplace=FLIPKART&store=dgv%2Fqtq&srno=b_1_23&otracker=browse&fm=organic&iid=2a148052-3329-4637-8bfb-3a845aa73714.CALF35USZJGRHNCH.SEARCH&ppt=None&ppn=None&ssid=6rnk6dkylc0000001625493010387
71,CASIO MJ-12VCB-BU Desktop Basic  Calculator  (12 Digit),465,4.2,available,https://flipkart.com/casio-mj-12vcb-bu-desktop-basic-calculator/p/itmesrg4cegykncz?pid=CALESRG4PBNYSZRD&lid=LSTCALESRG4PBNYSZRDIERVB8&marketplace=FLIPKART&store=dgv%2Fqtq&srno=b_1_24&otracker=browse&fm=organic&iid=2a148052-3329-4637-8bfb-3a845aa73714.CALESRG4PBNYSZRD.SEARCH&ppt=None&ppn=None&ssid=6rnk6dkylc0000001625493010387
72,BAMBALIO 12 Digits BL-775 Large display 3 Years warranty Basic  Calculator  (12 Digit),702,4.6,available,https://flipkart.com/bambalio-12-digits-bl-775-large-display-3-years-warranty-basic-calculator/p/itma25df948132d7?pid=CALFVHHYVZQ7HWKH&lid=LSTCALFVHHYVZQ7HWKHQXWFED&marketplace=FLIPKART&store=dgv%2Fqtq&srno=b_1_25&otracker=browse&fm=organic&iid=2a148052-3329-4637-8bfb-3a845aa73714.CALFVHHYVZQ7HWKH.SEARCH&ppt=None&ppn=None&ssid=6rnk6dkylc0000001625493010387
73,TEXAS INSTRUMENTS BA-II Plus Advance Stealodeal BA-II Plus Advance Financial  Calculator  (10 Digit),3593,4.5,available,https://flipkart.com/texas-instruments-ba-ii-plus-advance-stealodeal-financial-calculator/p/itmehu8nybhsaa9d?pid=CALEHU8NGUNZ5FQW&lid=LSTCALEHU8NGUNZ5FQWU0YG5M&marketplace=FLIPKART&store=dgv%2Fqtq&srno=b_1_26&otracker=browse&fm=organic&iid=2a148052-3329-4637-8bfb-3a845aa73714.CALEHU8NGUNZ5FQW.SEARCH&ppt=None&ppn=None&ssid=6rnk6dkylc0000001625493010387
74,CASIO MS-20VC-PL Desktop Basic  Calculator  (12 Digit),356,4.2,available,https://flipkart.com/casio-ms-20vc-pl-desktop-basic-calculator/p/itmfdgxfhkmdfsry?pid=CALFDGXFASFVWEPZ&lid=LSTCALFDGXFASFVWEPZ2T6WRR&marketplace=FLIPKART&store=dgv%2Fqtq&srno=b_1_27&otracker=browse&fm=organic&iid=2a148052-3329-4637-8bfb-3a845aa73714.CALFDGXFASFVWEPZ.SEARCH&ppt=None&ppn=None&ssid=6rnk6dkylc0000001625493010387
75,CASIO MJ-12VCB-GN Desktop Basic  Calculator  (12 Digit),465,4.3,available,https://flipkart.com/casio-mj-12vcb-gn-desktop-basic-calculator/p/itmesrg4yshjymje?pid=CALESRG4WYDKTYRF&lid=LSTCALESRG4WYDKTYRFD8DVBB&marketplace=FLIPKART&store=dgv%2Fqtq&srno=b_1_28&otracker=browse&fm=organic&iid=2a148052-3329-4637-8bfb-3a845aa73714.CALESRG4WYDKTYRF.SEARCH&ppt=None&ppn=None&ssid=6rnk6dkylc0000001625493010387
76,jito 12 Digits JT-512 Black Check & Correct Big Display 1 Year Warranty Basic  Calculator  (12 Digit),269,4.4,available,https://flipkart.com/jito-12-digits-jt-512-black-check-correct-big-display-1-year-warranty-basic-calculator/p/itm6892e36580198?pid=CALFVGPGPWF97V39&lid=LSTCALFVGPGPWF97V39CS9VJ9&marketplace=FLIPKART&store=dgv%2Fqtq&srno=b_1_29&otracker=browse&fm=organic&iid=2a148052-3329-4637-8bfb-3a845aa73714.CALFVGPGPWF97V39.SEARCH&ppt=None&ppn=None&ssid=6rnk6dkylc0000001625493010387
77,FLAIR 100 MS Scientific  Calculator  (14 Digit),450,4.2,available,https://flipkart.com/flair-100-ms-scientific-calculator/p/itm3a96b07f874eb?pid=CALG2CSMWZVAKQ4Z&lid=LSTCALG2CSMWZVAKQ4Z6JFPI7&marketplace=FLIPKART&store=dgv%2Fqtq&srno=b_1_30&otracker=browse&fm=organic&iid=2a148052-3329-4637-8bfb-3a845aa73714.CALG2CSMWZVAKQ4Z.SEARCH&ppt=None&ppn=None&ssid=6rnk6dkylc0000001625493010387
78,CASIO FX-100MS 2nd Edition Scientific  Calculator  (12 Digit),831,4.4,available,https://flipkart.com/casio-fx-100ms-2nd-scientific-calculator/p/itmc276903de8ffb?pid=CALFJB2MFWYCCGKU&lid=LSTCALFJB2MFWYCCGKUBQOEBL&marketplace=FLIPKART&store=dgv%2Fqtq&srno=b_1_31&otracker=browse&fm=organic&iid=2a148052-3329-4637-8bfb-3a845aa73714.CALFJB2MFWYCCGKU.SEARCH&ppt=None&ppn=None&ssid=6rnk6dkylc0000001625493010387
79,CASIO FC-200V Financial  Calculator  (10 Digit),2275,4.5,available,https://flipkart.com/casio-fc-200v-financial-calculator/p/itmekumfkr4hwfyn?pid=CALEKUMFHJQFTFDB&lid=LSTCALEKUMFHJQFTFDBKJZQRZ&marketplace=FLIPKART&store=dgv%2Fqtq&srno=b_1_32&otracker=browse&fm=organic&iid=2a148052-3329-4637-8bfb-3a845aa73714.CALEKUMFHJQFTFDB.SEARCH&ppt=None&ppn=None&ssid=6rnk6dkylc0000001625493010387
80,CASIO MJ-12DA Desktop Basic  Calculator  (12 Digit),389,4.3,available,https://flipkart.com/casio-mj-12da-desktop-basic-calculator/p/itmeh8hgwg4nkbq2?pid=CALEH8HGHFDBSZ4D&lid=LSTCALEH8HGHFDBSZ4D3KHOA1&marketplace=FLIPKART&store=dgv%2Fqtq&srno=b_1_33&otracker=browse&fm=organic&iid=2a148052-3329-4637-8bfb-3a845aa73714.CALEH8HGHFDBSZ4D.SEARCH&ppt=None&ppn=None&ssid=6rnk6dkylc0000001625493010387
81,CASIO MJ-120Da Desktop Basic  Calculator  (12 Digit),461,4.4,available,https://flipkart.com/casio-mj-120da-desktop-basic-calculator/p/itmegdffbx2wehjw?pid=CALESRG4MRQUVPR6&lid=LSTCALESRG4MRQUVPR6XJNB3R&marketplace=FLIPKART&store=dgv%2Fqtq&srno=b_1_34&otracker=browse&fm=organic&iid=2a148052-3329-4637-8bfb-3a845aa73714.CALESRG4MRQUVPR6.SEARCH&ppt=None&ppn=None&ssid=6rnk6dkylc0000001625493010387
82,CASIO MJ-12GST Desktop Basic  Calculator  (12 Digit),418,4.3,available,https://flipkart.com/casio-mj-12gst-desktop-basic-calculator/p/itmfbb3pxjdawmgz?pid=CALFBB3PHX754MEZ&lid=LSTCALFBB3PHX754MEZQLXSDJ&marketplace=FLIPKART&store=dgv%2Fqtq&srno=b_1_35&otracker=browse&fm=organic&iid=2a148052-3329-4637-8bfb-3a845aa73714.CALFBB3PHX754MEZ.SEARCH&ppt=None&ppn=None&ssid=6rnk6dkylc0000001625493010387
83,BAMBALIO 8 Digits BL-300 Blue 3 Years Warranty Portable Pocket Basic  Calculator  (8 Digit),141,3.7,available,https://flipkart.com/bambalio-8-digits-bl-300-blue-3-years-warranty-portable-pocket-basic-calculator/p/itm3239b31c5ae6e?pid=CALFVHN3ENYZJ6PH&lid=LSTCALFVHN3ENYZJ6PHTWLMMH&marketplace=FLIPKART&store=dgv%2Fqtq&srno=b_1_36&otracker=browse&fm=organic&iid=2a148052-3329-4637-8bfb-3a845aa73714.CALFVHN3ENYZJ6PH.SEARCH&ppt=None&ppn=None&ssid=6rnk6dkylc0000001625493010387
84,CASIO NJ-120D-RD Portable Basic  Calculator  (12 Digit),247,3.9,available,https://flipkart.com/casio-nj-120d-rd-portable-basic-calculator/p/itmesrg4uygvgrpt?pid=CALESRG4TVTMGANZ&lid=LSTCALESRG4TVTMGANZJBYB5T&marketplace=FLIPKART&store=dgv%2Fqtq&srno=b_1_37&otracker=browse&fm=organic&iid=2a148052-3329-4637-8bfb-3a845aa73714.CALESRG4TVTMGANZ.SEARCH&ppt=None&ppn=None&ssid=6rnk6dkylc0000001625493010387
85,FLAIR FC 600 Basic  Calculator  (12 Digit),510,3.9,available,https://flipkart.com/flair-fc-600-basic-calculator/p/itmcf490d846c896?pid=CALG2CSMMZZNQJDG&lid=LSTCALG2CSMMZZNQJDGNSHF0G&marketplace=FLIPKART&store=dgv%2Fqtq&srno=b_1_38&otracker=browse&fm=organic&iid=2a148052-3329-4637-8bfb-3a845aa73714.CALG2CSMMZZNQJDG.SEARCH&ppt=None&ppn=None&ssid=6rnk6dkylc0000001625493010387
86,BAMBALIO 8 Digits BL-100 Orange Portable Pocket Calculator 3 Years Warranty Basic  Calculator  (8 Digit),169,3.8,available,https://flipkart.com/bambalio-8-digits-bl-100-orange-portable-pocket-calculator-3-years-warranty-basic/p/itm73a1ddd31e7e9?pid=CALFWGAEHVFZ6HGY&lid=LSTCALFWGAEHVFZ6HGYPCA99S&marketplace=FLIPKART&store=dgv%2Fqtq&srno=b_1_39&otracker=browse&fm=organic&iid=2a148052-3329-4637-8bfb-3a845aa73714.CALFWGAEHVFZ6HGY.SEARCH&ppt=None&ppn=None&ssid=6rnk6dkylc0000001625493010387
87,BAMBALIO BL-512B Large Display Check & Correct 3 Years Warranty (Black) Basic  Calculator  (12 Digit),390,4.2,available,https://flipkart.com/bambalio-bl-512b-large-display-check-correct-3-years-warranty-black-basic-calculator/p/itmeb0611caf7dec?pid=CALDRUQ94J34TJKS&lid=LSTCALDRUQ94J34TJKSZRZKGE&marketplace=FLIPKART&store=dgv%2Fqtq&srno=b_1_40&otracker=browse&fm=organic&iid=2a148052-3329-4637-8bfb-3a845aa73714.CALDRUQ94J34TJKS.SEARCH&ppt=None&ppn=None&ssid=6rnk6dkylc0000001625493010387
